mental,physical,temporal,performance,effort,frustration,user_id,device,task,session,total_workload,a7992c39-6db1-4923-8660-647b8d12eb64/ch1,a7992c39-6db1-4923-8660-647b8d12eb64/ch2,a7992c39-6db1-4923-8660-647b8d12eb64/ch3,a7992c39-6db1-4923-8660-647b8d12eb64/ch4,a7992c39-6db1-4923-8660-647b8d12eb64/ch5,a7992c39-6db1-4923-8660-647b8d12eb64/ch6,a7992c39-6db1-4923-8660-647b8d12eb64/ch7,a7992c39-6db1-4923-8660-647b8d12eb64/ch8,iot_packet_count
75.0,10.0,85.0,75.0,75.0,70.0,6,164,tab,Pursuit,390.0,6754.9430238978775,-123350.643957251,-49189.5878996586,-75993.09840641235,0.0,0.0,0.0,0.0,905731
65.0,10.0,30.0,85.0,50.0,35.0,6,164,tab,Pursuit,275.0,6754.9430238978775,-123350.643957251,-49189.5878996586,-75993.09840641235,0.0,0.0,0.0,0.0,905731
75.0,10.0,90.0,55.0,80.0,75.0,6,164,tab,Pursuit,385.0,6754.9430238978775,-123350.643957251,-49189.5878996586,-75993.09840641235,0.0,0.0,0.0,0.0,905731
80.0,10.0,90.0,25.0,80.0,85.0,6,164,tab,Number Comparison,370.0,7092.770534193548,-154151.97704903226,-48926.06428,-75121.94101634409,0.0,0.0,0.0,0.0,588399
70.0,10.0,80.0,55.0,70.0,75.0,6,164,tab,Number Comparison,360.0,7092.770534193548,-154151.97704903226,-48926.06428,-75121.94101634409,0.0,0.0,0.0,0.0,588399
95.0,10.0,95.0,0.0,90.0,95.0,6,164,tab,Number Comparison,385.0,7092.770534193548,-154151.97704903226,-48926.06428,-75121.94101634409,0.0,0.0,0.0,0.0,588399
65.0,10.0,80.0,70.0,65.0,55.0,6,164,tab,Hidden Patterns,345.0,6829.848506473823,-133257.31051963798,-48454.440856969646,-75157.77924002944,0.0,0.0,0.0,0.0,597574
70.0,10.0,75.0,75.0,65.0,55.0,6,164,tab,Hidden Patterns,350.0,6829.848506473823,-133257.31051963798,-48454.440856969646,-75157.77924002944,0.0,0.0,0.0,0.0,597574
65.0,10.0,75.0,85.0,55.0,50.0,6,164,tab,Hidden Patterns,340.0,6829.848506473823,-133257.31051963798,-48454.440856969646,-75157.77924002944,0.0,0.0,0.0,0.0,597574
70.0,10.0,90.0,60.0,70.0,65.0,6,164,comp,Typing,365.0,8773.128879525571,-95547.2901747418,-54673.364148896915,-71814.7840548286,0.0,0.0,0.0,0.0,1241814
80.0,10.0,95.0,50.0,75.0,75.0,6,164,comp,Typing,385.0,8773.128879525571,-95547.2901747418,-54673.364148896915,-71814.7840548286,0.0,0.0,0.0,0.0,1241814
85.0,10.0,95.0,20.0,85.0,80.0,6,164,comp,Typing,375.0,8773.128879525571,-95547.2901747418,-54673.364148896915,-71814.7840548286,0.0,0.0,0.0,0.0,1241814
75.0,20.0,80.0,80.0,75.0,70.0,6,164,comp,Treasure Hunt,400.0,6701.511753189129,-104048.13841735995,-52764.537475041594,-77321.1347243483,0.0,0.0,0.0,0.0,994034
60.0,20.0,65.0,85.0,55.0,50.0,6,164,comp,Treasure Hunt,335.0,6701.511753189129,-104048.13841735995,-52764.537475041594,-77321.1347243483,0.0,0.0,0.0,0.0,994034
90.0,20.0,95.0,0.0,90.0,85.0,6,164,comp,Treasure Hunt,380.0,6701.511753189129,-104048.13841735995,-52764.537475041594,-77321.1347243483,0.0,0.0,0.0,0.0,994034
90.0,10.0,95.0,50.0,90.0,85.0,6,164,comp,Number Comparison,420.0,6577.92217862629,-104803.48052139564,-59117.3047755102,-75572.99001579986,0.0,0.0,0.0,0.0,643079
70.0,10.0,80.0,70.0,70.0,65.0,6,164,comp,Number Comparison,365.0,6577.92217862629,-104803.48052139564,-59117.3047755102,-75572.99001579986,0.0,0.0,0.0,0.0,643079
95.0,10.0,95.0,15.0,95.0,95.0,6,164,comp,Number Comparison,405.0,6577.92217862629,-104803.48052139564,-59117.3047755102,-75572.99001579986,0.0,0.0,0.0,0.0,643079
70.0,10.0,80.0,65.0,60.0,55.0,6,164,comp,Hidden Patterns,340.0,7161.952613311017,-104173.4871677752,-59938.808641148746,-75723.3017988812,0.0,0.0,0.0,0.0,611670
75.0,10.0,80.0,65.0,75.0,80.0,6,164,comp,Hidden Patterns,385.0,7161.952613311017,-104173.4871677752,-59938.808641148746,-75723.3017988812,0.0,0.0,0.0,0.0,611670
60.0,10.0,75.0,80.0,55.0,50.0,6,164,comp,Hidden Patterns,330.0,7161.952613311017,-104173.4871677752,-59938.808641148746,-75723.3017988812,0.0,0.0,0.0,0.0,611670
80.0,10.0,90.0,70.0,80.0,75.0,6,163,tab,Pursuit,405.0,4781.3375100423855,-83881.8379654819,-57680.29565227027,-65936.2245471923,0.0,0.0,0.0,0.0,906323
60.0,10.0,40.0,85.0,60.0,40.0,6,163,tab,Pursuit,295.0,4781.3375100423855,-83881.8379654819,-57680.29565227027,-65936.2245471923,0.0,0.0,0.0,0.0,906323
85.0,10.0,90.0,60.0,85.0,75.0,6,163,tab,Pursuit,405.0,4781.3375100423855,-83881.8379654819,-57680.29565227027,-65936.2245471923,0.0,0.0,0.0,0.0,906323
70.0,10.0,80.0,70.0,70.0,65.0,6,163,tab,Number Comparison,365.0,5151.778106679607,-100918.7714567721,-56721.619725746204,-65874.69033679336,0.0,0.0,0.0,0.0,647651
90.0,10.0,95.0,10.0,90.0,85.0,6,163,tab,Number Comparison,380.0,5151.778106679607,-100918.7714567721,-56721.619725746204,-65874.69033679336,0.0,0.0,0.0,0.0,647651
95.0,10.0,95.0,5.0,95.0,95.0,6,163,tab,Number Comparison,395.0,5151.778106679607,-100918.7714567721,-56721.619725746204,-65874.69033679336,0.0,0.0,0.0,0.0,647651
50.0,10.0,60.0,80.0,45.0,40.0,6,163,tab,Hidden Patterns,285.0,4863.1745496799085,-92537.0532991318,-56835.1724756643,-65380.80056476366,0.0,0.0,0.0,0.0,611685
50.0,10.0,45.0,85.0,35.0,35.0,6,163,tab,Hidden Patterns,260.0,4863.1745496799085,-92537.0532991318,-56835.1724756643,-65380.80056476366,0.0,0.0,0.0,0.0,611685
65.0,10.0,70.0,75.0,60.0,50.0,6,163,tab,Hidden Patterns,330.0,4863.1745496799085,-92537.0532991318,-56835.1724756643,-65380.80056476366,0.0,0.0,0.0,0.0,611685
65.0,10.0,70.0,60.0,70.0,75.0,6,163,comp,Typing,350.0,3391.085540206772,-53657.20078533803,-55404.21805621735,-53843.22125068305,0.0,0.0,0.0,0.0,1268031
55.0,10.0,75.0,60.0,60.0,65.0,6,163,comp,Typing,325.0,3391.085540206772,-53657.20078533803,-55404.21805621735,-53843.22125068305,0.0,0.0,0.0,0.0,1268031
80.0,15.0,80.0,20.0,90.0,80.0,6,163,comp,Typing,365.0,3391.085540206772,-53657.20078533803,-55404.21805621735,-53843.22125068305,0.0,0.0,0.0,0.0,1268031
75.0,20.0,80.0,75.0,70.0,65.0,6,163,comp,Treasure Hunt,385.0,4625.846041850534,-71040.46143629892,-58479.259012669034,-67817.69636811387,0.0,0.0,0.0,0.0,983886
30.0,20.0,40.0,95.0,30.0,20.0,6,163,comp,Treasure Hunt,235.0,4625.846041850534,-71040.46143629892,-58479.259012669034,-67817.69636811387,0.0,0.0,0.0,0.0,983886
95.0,20.0,85.0,35.0,90.0,80.0,6,163,comp,Treasure Hunt,405.0,4625.846041850534,-71040.46143629892,-58479.259012669034,-67817.69636811387,0.0,0.0,0.0,0.0,983886
85.0,10.0,90.0,25.0,90.0,85.0,6,163,comp,Number Comparison,385.0,4386.53908255488,-66057.32962574075,-58538.625759511815,-61676.010962058244,0.0,0.0,0.0,0.0,642874
75.0,10.0,80.0,55.0,75.0,70.0,6,163,comp,Number Comparison,365.0,4386.53908255488,-66057.32962574075,-58538.625759511815,-61676.010962058244,0.0,0.0,0.0,0.0,642874
90.0,10.0,90.0,15.0,90.0,85.0,6,163,comp,Number Comparison,380.0,4386.53908255488,-66057.32962574075,-58538.625759511815,-61676.010962058244,0.0,0.0,0.0,0.0,642874
70.0,10.0,60.0,65.0,70.0,50.0,6,163,comp,Hidden Patterns,325.0,4066.399361273952,-61474.261536442384,-57241.425504418585,-58490.322493219,0.0,0.0,0.0,0.0,640970
55.0,10.0,60.0,70.0,45.0,35.0,6,163,comp,Hidden Patterns,275.0,4066.399361273952,-61474.261536442384,-57241.425504418585,-58490.322493219,0.0,0.0,0.0,0.0,640970
65.0,10.0,65.0,65.0,65.0,35.0,6,163,comp,Hidden Patterns,305.0,4066.399361273952,-61474.261536442384,-57241.425504418585,-58490.322493219,0.0,0.0,0.0,0.0,640970
35.0,30.0,25.0,95.0,20.0,15.0,7,166,tab,Pursuit,220.0,21736.506421512408,28767.172043629973,27386.16156682365,17195.801780337228,0.0,0.0,0.0,0.0,1082114
25.0,25.0,25.0,95.0,15.0,20.0,7,166,tab,Pursuit,205.0,21736.506421512408,28767.172043629973,27386.16156682365,17195.801780337228,0.0,0.0,0.0,0.0,1082114
70.0,70.0,85.0,80.0,70.0,70.0,7,166,tab,Pursuit,445.0,21736.506421512408,28767.172043629973,27386.16156682365,17195.801780337228,0.0,0.0,0.0,0.0,1082114
65.0,65.0,35.0,70.0,65.0,70.0,7,166,tab,Number Comparison,370.0,20148.93484650443,25086.407454639266,24419.941711669104,14517.56658053143,0.0,0.0,0.0,0.0,595216
30.0,30.0,25.0,80.0,35.0,30.0,7,166,tab,Number Comparison,230.0,20148.93484650443,25086.407454639266,24419.941711669104,14517.56658053143,0.0,0.0,0.0,0.0,595216
65.0,70.0,75.0,35.0,30.0,70.0,7,166,tab,Number Comparison,345.0,20148.93484650443,25086.407454639266,24419.941711669104,14517.56658053143,0.0,0.0,0.0,0.0,595216
35.0,60.0,60.0,70.0,30.0,35.0,7,166,tab,Hidden Patterns,290.0,21660.680095971155,27766.364534652974,26838.550997110102,16491.236203393484,0.0,0.0,0.0,0.0,557021
20.0,20.0,25.0,90.0,30.0,20.0,7,166,tab,Hidden Patterns,205.0,21660.680095971155,27766.364534652974,26838.550997110102,16491.236203393484,0.0,0.0,0.0,0.0,557021
40.0,25.0,60.0,70.0,35.0,65.0,7,166,tab,Hidden Patterns,295.0,21660.680095971155,27766.364534652974,26838.550997110102,16491.236203393484,0.0,0.0,0.0,0.0,557021
65.0,65.0,75.0,60.0,70.0,75.0,7,166,comp,Typing,410.0,22214.91990940276,32333.93566408655,31326.760504881695,25695.003753188495,0.0,0.0,0.0,0.0,1219746
30.0,75.0,75.0,70.0,70.0,70.0,7,166,comp,Typing,390.0,22214.91990940276,32333.93566408655,31326.760504881695,25695.003753188495,0.0,0.0,0.0,0.0,1219746
75.0,35.0,65.0,40.0,70.0,70.0,7,166,comp,Typing,355.0,22214.91990940276,32333.93566408655,31326.760504881695,25695.003753188495,0.0,0.0,0.0,0.0,1219746
25.0,30.0,30.0,95.0,25.0,10.0,7,166,comp,Treasure Hunt,215.0,22253.29960619661,29980.84741856088,28570.118445055738,20285.01802398533,0.0,0.0,0.0,0.0,1097650
5.0,5.0,5.0,95.0,5.0,5.0,7,166,comp,Treasure Hunt,120.0,22253.29960619661,29980.84741856088,28570.118445055738,20285.01802398533,0.0,0.0,0.0,0.0,1097650
85.0,25.0,30.0,15.0,75.0,90.0,7,166,comp,Treasure Hunt,320.0,22253.29960619661,29980.84741856088,28570.118445055738,20285.01802398533,0.0,0.0,0.0,0.0,1097650
65.0,45.0,75.0,65.0,70.0,65.0,7,166,comp,Number Comparison,385.0,22324.804391486028,30479.261123443892,29438.361295812658,23714.4185984156,0.0,0.0,0.0,0.0,582154
60.0,70.0,80.0,65.0,65.0,75.0,7,166,comp,Number Comparison,415.0,22324.804391486028,30479.261123443892,29438.361295812658,23714.4185984156,0.0,0.0,0.0,0.0,582154
80.0,55.0,80.0,55.0,85.0,75.0,7,166,comp,Number Comparison,430.0,22324.804391486028,30479.261123443892,29438.361295812658,23714.4185984156,0.0,0.0,0.0,0.0,582154
35.0,70.0,75.0,70.0,65.0,40.0,7,166,comp,Hidden Patterns,355.0,22375.313033610582,31275.526801715336,30680.145685669497,25120.134061766257,0.0,0.0,0.0,0.0,614808
40.0,75.0,75.0,70.0,70.0,40.0,7,166,comp,Hidden Patterns,370.0,22375.313033610582,31275.526801715336,30680.145685669497,25120.134061766257,0.0,0.0,0.0,0.0,614808
30.0,70.0,75.0,75.0,30.0,45.0,7,166,comp,Hidden Patterns,325.0,22375.313033610582,31275.526801715336,30680.145685669497,25120.134061766257,0.0,0.0,0.0,0.0,614808
70.0,55.0,80.0,35.0,80.0,75.0,7,165,tab,Number Comparison,395.0,22308.40386122836,34372.92996855888,29831.4945929882,27296.06474373331,0.0,0.0,0.0,0.0,626754
70.0,75.0,65.0,70.0,65.0,65.0,7,165,tab,Number Comparison,410.0,22308.40386122836,34372.92996855888,29831.4945929882,27296.06474373331,0.0,0.0,0.0,0.0,626754
75.0,60.0,75.0,35.0,80.0,70.0,7,165,tab,Number Comparison,395.0,22308.40386122836,34372.92996855888,29831.4945929882,27296.06474373331,0.0,0.0,0.0,0.0,626754
60.0,55.0,70.0,60.0,70.0,70.0,7,165,tab,Pursuit,385.0,22057.667318821084,36376.41888467653,28205.02104121316,26100.114802250217,0.0,0.0,0.0,0.0,1118561
25.0,25.0,35.0,80.0,15.0,30.0,7,165,tab,Pursuit,210.0,22057.667318821084,36376.41888467653,28205.02104121316,26100.114802250217,0.0,0.0,0.0,0.0,1118561
35.0,70.0,75.0,50.0,75.0,75.0,7,165,tab,Pursuit,380.0,22057.667318821084,36376.41888467653,28205.02104121316,26100.114802250217,0.0,0.0,0.0,0.0,1118561
30.0,30.0,60.0,70.0,30.0,50.0,7,165,tab,Hidden Patterns,270.0,22372.116186697065,35369.4182737756,29380.205676765905,27157.621834086025,0.0,0.0,0.0,0.0,605610
70.0,40.0,70.0,70.0,40.0,40.0,7,165,tab,Hidden Patterns,330.0,22372.116186697065,35369.4182737756,29380.205676765905,27157.621834086025,0.0,0.0,0.0,0.0,605610
40.0,70.0,70.0,80.0,40.0,35.0,7,165,tab,Hidden Patterns,335.0,22372.116186697065,35369.4182737756,29380.205676765905,27157.621834086025,0.0,0.0,0.0,0.0,605610
20.0,50.0,40.0,20.0,30.0,65.0,7,165,comp,Typing,225.0,15722.479352322467,40676.4322714494,24855.072742654578,22817.975371487875,0.0,0.0,0.0,0.0,1090856
45.0,80.0,70.0,35.0,75.0,65.0,7,165,comp,Typing,370.0,15722.479352322467,40676.4322714494,24855.072742654578,22817.975371487875,0.0,0.0,0.0,0.0,1090856
80.0,65.0,75.0,75.0,55.0,80.0,7,165,comp,Typing,430.0,15722.479352322467,40676.4322714494,24855.072742654578,22817.975371487875,0.0,0.0,0.0,0.0,1090856
10.0,10.0,10.0,95.0,15.0,15.0,7,165,comp,Treasure Hunt,155.0,20768.209043210656,36906.49891809399,26136.936791867418,23476.111114698684,0.0,0.0,0.0,0.0,973355
15.0,15.0,15.0,95.0,5.0,5.0,7,165,comp,Treasure Hunt,150.0,20768.209043210656,36906.49891809399,26136.936791867418,23476.111114698684,0.0,0.0,0.0,0.0,973355
80.0,35.0,25.0,50.0,80.0,75.0,7,165,comp,Treasure Hunt,345.0,20768.209043210656,36906.49891809399,26136.936791867418,23476.111114698684,0.0,0.0,0.0,0.0,973355
70.0,55.0,75.0,50.0,70.0,70.0,7,165,comp,Number Comparison,390.0,19199.907233384853,37017.695595054094,26392.340679632493,24235.935698952428,0.0,0.0,0.0,0.0,475820
45.0,70.0,70.0,35.0,75.0,40.0,7,165,comp,Number Comparison,335.0,19199.907233384853,37017.695595054094,26392.340679632493,24235.935698952428,0.0,0.0,0.0,0.0,475820
85.0,20.0,80.0,60.0,75.0,75.0,7,165,comp,Number Comparison,395.0,19199.907233384853,37017.695595054094,26392.340679632493,24235.935698952428,0.0,0.0,0.0,0.0,475820
40.0,35.0,65.0,25.0,60.0,35.0,7,165,comp,Hidden Patterns,260.0,17636.50094376893,38326.30101839252,26023.9056042316,23479.533953294413,0.0,0.0,0.0,0.0,570826
20.0,30.0,60.0,20.0,40.0,35.0,7,165,comp,Hidden Patterns,205.0,17636.50094376893,38326.30101839252,26023.9056042316,23479.533953294413,0.0,0.0,0.0,0.0,570826
35.0,40.0,40.0,20.0,50.0,35.0,7,165,comp,Hidden Patterns,220.0,17636.50094376893,38326.30101839252,26023.9056042316,23479.533953294413,0.0,0.0,0.0,0.0,570826
15.0,10.0,10.0,95.0,10.0,10.0,8,167,tab,Pursuit,150.0,8030.400038918953,-29309.7265851775,-26231.683893604084,-23727.75144702252,0.0,0.0,0.0,0.0,853450
10.0,5.0,10.0,95.0,10.0,5.0,8,167,tab,Pursuit,135.0,8030.400038918953,-29309.7265851775,-26231.683893604084,-23727.75144702252,0.0,0.0,0.0,0.0,853450
20.0,10.0,50.0,60.0,25.0,15.0,8,167,tab,Pursuit,180.0,8030.400038918953,-29309.7265851775,-26231.683893604084,-23727.75144702252,0.0,0.0,0.0,0.0,853450
30.0,15.0,55.0,50.0,45.0,35.0,8,167,tab,Number Comparison,230.0,8804.136662410081,-24685.13729664155,-23089.009433022602,-32153.351091388926,0.0,0.0,0.0,0.0,558672
15.0,10.0,5.0,75.0,10.0,15.0,8,167,tab,Number Comparison,130.0,8804.136662410081,-24685.13729664155,-23089.009433022602,-32153.351091388926,0.0,0.0,0.0,0.0,558672
40.0,15.0,70.0,25.0,45.0,35.0,8,167,tab,Number Comparison,230.0,8804.136662410081,-24685.13729664155,-23089.009433022602,-32153.351091388926,0.0,0.0,0.0,0.0,558672
25.0,15.0,40.0,75.0,40.0,20.0,8,167,tab,Hidden Patterns,215.0,8654.778959352408,-22603.967674992426,-15327.116694082508,-19436.731588675815,0.0,0.0,0.0,0.0,535118
10.0,5.0,10.0,90.0,10.0,10.0,8,167,tab,Hidden Patterns,135.0,8654.778959352408,-22603.967674992426,-15327.116694082508,-19436.731588675815,0.0,0.0,0.0,0.0,535118
25.0,10.0,15.0,80.0,25.0,20.0,8,167,tab,Hidden Patterns,175.0,8654.778959352408,-22603.967674992426,-15327.116694082508,-19436.731588675815,0.0,0.0,0.0,0.0,535118
25.0,15.0,45.0,60.0,30.0,15.0,8,167,comp,Typing,190.0,9183.859442073237,-25431.594593866965,-37938.950995250285,-46860.205535710375,0.0,0.0,0.0,0.0,1102178
25.0,10.0,40.0,65.0,35.0,20.0,8,167,comp,Typing,195.0,9183.859442073237,-25431.594593866965,-37938.950995250285,-46860.205535710375,0.0,0.0,0.0,0.0,1102178
45.0,20.0,60.0,45.0,45.0,30.0,8,167,comp,Typing,245.0,9183.859442073237,-25431.594593866965,-37938.950995250285,-46860.205535710375,0.0,0.0,0.0,0.0,1102178
45.0,15.0,40.0,80.0,35.0,10.0,8,167,comp,Treasure Hunt,225.0,8455.463509679976,-26942.951427390486,-37314.04632639674,-57442.07984659981,0.0,0.0,0.0,0.0,997181
15.0,5.0,5.0,95.0,10.0,5.0,8,167,comp,Treasure Hunt,135.0,8455.463509679976,-26942.951427390486,-37314.04632639674,-57442.07984659981,0.0,0.0,0.0,0.0,997181
50.0,15.0,80.0,35.0,55.0,40.0,8,167,comp,Treasure Hunt,275.0,8455.463509679976,-26942.951427390486,-37314.04632639674,-57442.07984659981,0.0,0.0,0.0,0.0,997181
45.0,20.0,65.0,65.0,35.0,25.0,8,167,comp,Number Comparison,255.0,10421.895496379657,-19852.34217656809,-23399.323659164267,-32447.08149001134,0.0,0.0,0.0,0.0,607010
35.0,15.0,50.0,75.0,20.0,15.0,8,167,comp,Number Comparison,210.0,10421.895496379657,-19852.34217656809,-23399.323659164267,-32447.08149001134,0.0,0.0,0.0,0.0,607010
60.0,20.0,65.0,50.0,50.0,30.0,8,167,comp,Number Comparison,275.0,10421.895496379657,-19852.34217656809,-23399.323659164267,-32447.08149001134,0.0,0.0,0.0,0.0,607010
25.0,5.0,15.0,80.0,15.0,10.0,8,167,comp,Hidden Patterns,150.0,9566.718132407572,-21722.104686449675,-26276.508938616666,-36520.52851760128,0.0,0.0,0.0,0.0,563538
15.0,10.0,20.0,80.0,20.0,10.0,8,167,comp,Hidden Patterns,155.0,9566.718132407572,-21722.104686449675,-26276.508938616666,-36520.52851760128,0.0,0.0,0.0,0.0,563538
30.0,10.0,30.0,80.0,20.0,15.0,8,167,comp,Hidden Patterns,185.0,9566.718132407572,-21722.104686449675,-26276.508938616666,-36520.52851760128,0.0,0.0,0.0,0.0,563538
25.0,10.0,20.0,85.0,30.0,10.0,8,168,tab,Pursuit,180.0,13561.258063568217,-33608.21061199401,-31449.514108545725,-38766.42371364318,0.0,0.0,0.0,0.0,774676
10.0,10.0,15.0,90.0,15.0,10.0,8,168,tab,Pursuit,150.0,13561.258063568217,-33608.21061199401,-31449.514108545725,-38766.42371364318,0.0,0.0,0.0,0.0,774676
40.0,20.0,50.0,55.0,50.0,35.0,8,168,tab,Pursuit,250.0,13561.258063568217,-33608.21061199401,-31449.514108545725,-38766.42371364318,0.0,0.0,0.0,0.0,774676
55.0,20.0,55.0,55.0,55.0,25.0,8,168,tab,Number Comparison,265.0,10099.316047571938,-25861.771270162157,-29290.11110929502,-28292.214658264875,0.0,0.0,0.0,0.0,531724
35.0,20.0,35.0,45.0,35.0,30.0,8,168,tab,Number Comparison,200.0,10099.316047571938,-25861.771270162157,-29290.11110929502,-28292.214658264875,0.0,0.0,0.0,0.0,531724
55.0,30.0,70.0,50.0,60.0,25.0,8,168,tab,Number Comparison,290.0,10099.316047571938,-25861.771270162157,-29290.11110929502,-28292.214658264875,0.0,0.0,0.0,0.0,531724
35.0,20.0,35.0,60.0,50.0,30.0,8,168,tab,Hidden Patterns,230.0,10388.617435444066,-27765.37781439276,-30390.88971420271,-32710.53407807363,0.0,0.0,0.0,0.0,554204
15.0,10.0,20.0,85.0,10.0,15.0,8,168,tab,Hidden Patterns,155.0,10388.617435444066,-27765.37781439276,-30390.88971420271,-32710.53407807363,0.0,0.0,0.0,0.0,554204
40.0,15.0,50.0,60.0,55.0,25.0,8,168,tab,Hidden Patterns,245.0,10388.617435444066,-27765.37781439276,-30390.88971420271,-32710.53407807363,0.0,0.0,0.0,0.0,554204
30.0,10.0,45.0,60.0,35.0,25.0,8,168,comp,Typing,205.0,11500.573820222256,-49917.37164434606,-48212.84600157815,-62706.10884663437,0.0,0.0,0.0,0.0,1082223
25.0,15.0,50.0,65.0,30.0,25.0,8,168,comp,Typing,210.0,11500.573820222256,-49917.37164434606,-48212.84600157815,-62706.10884663437,0.0,0.0,0.0,0.0,1082223
30.0,15.0,45.0,55.0,45.0,35.0,8,168,comp,Typing,225.0,11500.573820222256,-49917.37164434606,-48212.84600157815,-62706.10884663437,0.0,0.0,0.0,0.0,1082223
20.0,10.0,20.0,85.0,30.0,10.0,8,168,comp,Treasure Hunt,175.0,13215.905364362063,-30598.448153159246,-48513.909651468006,-54207.173958057094,0.0,0.0,0.0,0.0,882708
15.0,10.0,5.0,90.0,10.0,10.0,8,168,comp,Treasure Hunt,140.0,13215.905364362063,-30598.448153159246,-48513.909651468006,-54207.173958057094,0.0,0.0,0.0,0.0,882708
60.0,15.0,65.0,35.0,60.0,30.0,8,168,comp,Treasure Hunt,265.0,13215.905364362063,-30598.448153159246,-48513.909651468006,-54207.173958057094,0.0,0.0,0.0,0.0,882708
45.0,15.0,45.0,50.0,55.0,25.0,8,168,comp,Number Comparison,235.0,12917.38103032119,-26055.621267400136,-46074.49075110767,-57954.713771044386,0.0,0.0,0.0,0.0,589992
20.0,10.0,15.0,85.0,15.0,10.0,8,168,comp,Number Comparison,155.0,12917.38103032119,-26055.621267400136,-46074.49075110767,-57954.713771044386,0.0,0.0,0.0,0.0,589992
45.0,15.0,60.0,55.0,50.0,30.0,8,168,comp,Number Comparison,255.0,12917.38103032119,-26055.621267400136,-46074.49075110767,-57954.713771044386,0.0,0.0,0.0,0.0,589992
25.0,10.0,25.0,80.0,15.0,15.0,8,168,comp,Hidden Patterns,170.0,12257.6261598234,-30389.008624282564,-47971.26525121413,-54978.31262207506,0.0,0.0,0.0,0.0,557512
15.0,5.0,20.0,85.0,20.0,10.0,8,168,comp,Hidden Patterns,155.0,12257.6261598234,-30389.008624282564,-47971.26525121413,-54978.31262207506,0.0,0.0,0.0,0.0,557512
30.0,10.0,40.0,75.0,30.0,15.0,8,168,comp,Hidden Patterns,200.0,12257.6261598234,-30389.008624282564,-47971.26525121413,-54978.31262207506,0.0,0.0,0.0,0.0,557512
5.0,5.0,15.0,55.0,40.0,5.0,9,171,tab,Pursuit,125.0,23698.56575039759,23854.810182751597,13221.121336179236,-12842.978162160654,-17635.555422281745,-24780.111217878966,22846.31054239558,-5380.884464719176,1074989
15.0,25.0,15.0,20.0,20.0,5.0,9,171,tab,Pursuit,100.0,23698.56575039759,23854.810182751597,13221.121336179236,-12842.978162160654,-17635.555422281745,-24780.111217878966,22846.31054239558,-5380.884464719176,1074989
5.0,10.0,20.0,50.0,30.0,5.0,9,171,tab,Pursuit,120.0,23698.56575039759,23854.810182751597,13221.121336179236,-12842.978162160654,-17635.555422281745,-24780.111217878966,22846.31054239558,-5380.884464719176,1074989
10.0,15.0,25.0,30.0,20.0,10.0,9,171,tab,Number Comparison,110.0,25622.724786621104,25101.230716512226,13584.394779550625,-11790.524478875996,-14321.41376676863,-23710.939249217998,24730.231689978413,-3829.1470070140344,719133
10.0,20.0,25.0,30.0,20.0,5.0,9,171,tab,Number Comparison,110.0,25622.724786621104,25101.230716512226,13584.394779550625,-11790.524478875996,-14321.41376676863,-23710.939249217998,24730.231689978413,-3829.1470070140344,719133
15.0,15.0,25.0,25.0,20.0,5.0,9,171,tab,Number Comparison,105.0,25622.724786621104,25101.230716512226,13584.394779550625,-11790.524478875996,-14321.41376676863,-23710.939249217998,24730.231689978413,-3829.1470070140344,719133
10.0,10.0,20.0,25.0,25.0,10.0,9,171,tab,Hidden Patterns,100.0,24908.131778766463,24637.626266684114,13385.467396405826,-12547.1172633691,-15561.703756433742,-24028.491329931083,24035.58251592079,-4237.807529442554,702402
5.0,10.0,15.0,30.0,20.0,5.0,9,171,tab,Hidden Patterns,85.0,24908.131778766463,24637.626266684114,13385.467396405826,-12547.1172633691,-15561.703756433742,-24028.491329931083,24035.58251592079,-4237.807529442554,702402
10.0,10.0,20.0,30.0,25.0,5.0,9,171,tab,Hidden Patterns,100.0,24908.131778766463,24637.626266684114,13385.467396405826,-12547.1172633691,-15561.703756433742,-24028.491329931083,24035.58251592079,-4237.807529442554,702402
15.0,15.0,25.0,35.0,30.0,10.0,9,171,comp,Typing,130.0,19178.047745066808,20131.62600019652,10842.449203271775,-15397.242713344285,-22793.113964985758,-28026.556821221886,18130.84742004741,-9871.25176752595,1278141
20.0,20.0,20.0,40.0,25.0,10.0,9,171,comp,Typing,135.0,19178.047745066808,20131.62600019652,10842.449203271775,-15397.242713344285,-22793.113964985758,-28026.556821221886,18130.84742004741,-9871.25176752595,1278141
10.0,15.0,30.0,50.0,25.0,5.0,9,171,comp,Typing,135.0,19178.047745066808,20131.62600019652,10842.449203271775,-15397.242713344285,-22793.113964985758,-28026.556821221886,18130.84742004741,-9871.25176752595,1278141
10.0,10.0,15.0,25.0,20.0,5.0,9,171,comp,Treasure Hunt,85.0,21906.57651385957,22349.820655827596,12170.155108436376,-14531.53811230225,-20538.99416116031,-26028.845079922135,21023.982246319196,-7381.624579277821,1015632
10.0,5.0,5.0,100.0,20.0,5.0,9,171,comp,Treasure Hunt,145.0,21906.57651385957,22349.820655827596,12170.155108436376,-14531.53811230225,-20538.99416116031,-26028.845079922135,21023.982246319196,-7381.624579277821,1015632
10.0,15.0,15.0,50.0,10.0,5.0,9,171,comp,Treasure Hunt,105.0,21906.57651385957,22349.820655827596,12170.155108436376,-14531.53811230225,-20538.99416116031,-26028.845079922135,21023.982246319196,-7381.624579277821,1015632
10.0,15.0,20.0,30.0,20.0,5.0,9,171,comp,Number Comparison,100.0,20769.83897316917,21523.93706365608,11242.52693107718,-15410.094229337237,-22597.122294443485,-27247.490002616014,19961.68821389414,-9614.876626016092,621904
10.0,15.0,40.0,30.0,20.0,5.0,9,171,comp,Number Comparison,120.0,20769.83897316917,21523.93706365608,11242.52693107718,-15410.094229337237,-22597.122294443485,-27247.490002616014,19961.68821389414,-9614.876626016092,621904
15.0,15.0,25.0,10.0,10.0,10.0,9,171,comp,Number Comparison,85.0,20769.83897316917,21523.93706365608,11242.52693107718,-15410.094229337237,-22597.122294443485,-27247.490002616014,19961.68821389414,-9614.876626016092,621904
10.0,15.0,20.0,20.0,20.0,5.0,9,171,comp,Hidden Patterns,90.0,20143.941614729636,21061.130896242976,10749.288571804775,-15157.572506144665,-22064.844528616573,-27776.45166125351,19349.808363764045,-9589.962466204355,638430
10.0,15.0,10.0,40.0,20.0,5.0,9,171,comp,Hidden Patterns,100.0,20143.941614729636,21061.130896242976,10749.288571804775,-15157.572506144665,-22064.844528616573,-27776.45166125351,19349.808363764045,-9589.962466204355,638430
10.0,10.0,35.0,30.0,25.0,10.0,9,171,comp,Hidden Patterns,120.0,20143.941614729636,21061.130896242976,10749.288571804775,-15157.572506144665,-22064.844528616573,-27776.45166125351,19349.808363764045,-9589.962466204355,638430
15.0,10.0,15.0,70.0,35.0,10.0,9,170,tab,Pursuit,155.0,15856.195587900791,17009.959541769516,10084.8769908758,-16739.805033771696,-24858.482489237012,-29789.39145667536,13904.577159596878,-12709.013813420815,1107165
10.0,15.0,20.0,60.0,20.0,5.0,9,170,tab,Pursuit,130.0,15856.195587900791,17009.959541769516,10084.8769908758,-16739.805033771696,-24858.482489237012,-29789.39145667536,13904.577159596878,-12709.013813420815,1107165
20.0,25.0,25.0,45.0,15.0,5.0,9,170,tab,Pursuit,135.0,15856.195587900791,17009.959541769516,10084.8769908758,-16739.805033771696,-24858.482489237012,-29789.39145667536,13904.577159596878,-12709.013813420815,1107165
10.0,20.0,15.0,35.0,20.0,10.0,9,170,tab,Number Comparison,110.0,17292.96953223169,18304.268144418624,9696.893949565367,-16589.308766675273,-22989.487790257335,-28900.881225148463,15772.924035631295,-11454.294580858937,637818
10.0,15.0,35.0,30.0,25.0,10.0,9,170,tab,Number Comparison,125.0,17292.96953223169,18304.268144418624,9696.893949565367,-16589.308766675273,-22989.487790257335,-28900.881225148463,15772.924035631295,-11454.294580858937,637818
20.0,10.0,30.0,20.0,10.0,10.0,9,170,tab,Number Comparison,100.0,17292.96953223169,18304.268144418624,9696.893949565367,-16589.308766675273,-22989.487790257335,-28900.881225148463,15772.924035631295,-11454.294580858937,637818
10.0,10.0,20.0,55.0,45.0,5.0,9,170,tab,Hidden Patterns,145.0,16614.091661454262,17665.743196073323,10014.60576187994,-16642.07598905395,-23714.81394448788,-29240.557471548953,14911.155972547998,-12042.480673269047,647193
10.0,10.0,25.0,35.0,20.0,5.0,9,170,tab,Hidden Patterns,105.0,16614.091661454262,17665.743196073323,10014.60576187994,-16642.07598905395,-23714.81394448788,-29240.557471548953,14911.155972547998,-12042.480673269047,647193
10.0,15.0,15.0,45.0,40.0,10.0,9,170,tab,Hidden Patterns,135.0,16614.091661454262,17665.743196073323,10014.60576187994,-16642.07598905395,-23714.81394448788,-29240.557471548953,14911.155972547998,-12042.480673269047,647193
10.0,10.0,25.0,55.0,25.0,10.0,9,170,comp,Treasure Hunt,135.0,13781.072408972597,14928.676527507516,10018.460466559205,-17468.054120790024,-26595.80624485712,-29906.6536848333,11119.009550500345,-14653.79811797124,1010919
10.0,5.0,15.0,60.0,10.0,5.0,9,170,comp,Treasure Hunt,105.0,13781.072408972597,14928.676527507516,10018.460466559205,-17468.054120790024,-26595.80624485712,-29906.6536848333,11119.009550500345,-14653.79811797124,1010919
20.0,10.0,30.0,5.0,15.0,5.0,9,170,comp,Treasure Hunt,85.0,13781.072408972597,14928.676527507516,10018.460466559205,-17468.054120790024,-26595.80624485712,-29906.6536848333,11119.009550500345,-14653.79811797124,1010919
15.0,10.0,15.0,30.0,20.0,5.0,9,170,comp,Typing,95.0,9676.170567277482,9702.241281959961,10121.889252157565,-17709.2927345103,-25312.69958665834,-31395.89035673927,4792.433825158393,-17788.433674013504,1291426
5.0,5.0,10.0,30.0,20.0,5.0,9,170,comp,Typing,75.0,9676.170567277482,9702.241281959961,10121.889252157565,-17709.2927345103,-25312.69958665834,-31395.89035673927,4792.433825158393,-17788.433674013504,1291426
10.0,5.0,15.0,20.0,10.0,5.0,9,170,comp,Typing,65.0,9676.170567277482,9702.241281959961,10121.889252157565,-17709.2927345103,-25312.69958665834,-31395.89035673927,4792.433825158393,-17788.433674013504,1291426
20.0,10.0,20.0,30.0,20.0,5.0,9,170,comp,Number Comparison,105.0,11946.130787878787,12921.519796969696,10082.098540692641,-17522.315415151515,-26554.678694805196,-31791.687445454547,8515.543115151515,-17123.689711688312,634543
10.0,15.0,20.0,15.0,15.0,5.0,9,170,comp,Number Comparison,80.0,11946.130787878787,12921.519796969696,10082.098540692641,-17522.315415151515,-26554.678694805196,-31791.687445454547,8515.543115151515,-17123.689711688312,634543
15.0,10.0,15.0,30.0,20.0,5.0,9,170,comp,Number Comparison,95.0,11946.130787878787,12921.519796969696,10082.098540692641,-17522.315415151515,-26554.678694805196,-31791.687445454547,8515.543115151515,-17123.689711688312,634543
10.0,5.0,10.0,40.0,35.0,5.0,9,170,comp,Hidden Patterns,105.0,11071.288208677961,11854.280245477465,10370.71948869919,-17607.726830465745,-25483.755606616833,-31543.213136361624,7190.743947100712,-17116.42093856429,636003
10.0,20.0,20.0,35.0,30.0,5.0,9,170,comp,Hidden Patterns,120.0,11071.288208677961,11854.280245477465,10370.71948869919,-17607.726830465745,-25483.755606616833,-31543.213136361624,7190.743947100712,-17116.42093856429,636003
10.0,15.0,15.0,15.0,15.0,5.0,9,170,comp,Hidden Patterns,75.0,11071.288208677961,11854.280245477465,10370.71948869919,-17607.726830465745,-25483.755606616833,-31543.213136361624,7190.743947100712,-17116.42093856429,636003
30.0,40.0,10.0,15.0,20.0,5.0,10,173,tab,Pursuit,120.0,-123706.821933902,-118308.32056657286,-145260.80099966307,-124929.41337236261,-100727.71291681276,-135149.5511842304,-106845.62406149363,-101051.5572423144,939906
25.0,20.0,10.0,10.0,10.0,5.0,10,173,tab,Pursuit,80.0,-123706.821933902,-118308.32056657286,-145260.80099966307,-124929.41337236261,-100727.71291681276,-135149.5511842304,-106845.62406149363,-101051.5572423144,939906
60.0,45.0,65.0,30.0,45.0,20.0,10,173,tab,Pursuit,265.0,-123706.821933902,-118308.32056657286,-145260.80099966307,-124929.41337236261,-100727.71291681276,-135149.5511842304,-106845.62406149363,-101051.5572423144,939906
40.0,45.0,55.0,70.0,40.0,20.0,10,173,tab,Number Comparison,270.0,-137694.65789409933,-125313.21915469805,-159302.15248139817,-141299.26871517563,-114214.80795293303,-148249.56779719674,-121156.10283526561,-115669.4174943762,636231
30.0,70.0,80.0,90.0,75.0,30.0,10,173,tab,Number Comparison,375.0,-137694.65789409933,-125313.21915469805,-159302.15248139817,-141299.26871517563,-114214.80795293303,-148249.56779719674,-121156.10283526561,-115669.4174943762,636231
25.0,35.0,35.0,25.0,15.0,5.0,10,173,tab,Number Comparison,140.0,-137694.65789409933,-125313.21915469805,-159302.15248139817,-141299.26871517563,-114214.80795293303,-148249.56779719674,-121156.10283526561,-115669.4174943762,636231
45.0,35.0,55.0,40.0,30.0,10.0,10,173,tab,Hidden Patterns,215.0,-139942.6518552907,-129585.35012129799,-160362.55790239963,-140492.82910439657,-116162.965080036,-150204.99666809465,-121912.79211820995,-117154.65883806496,637711
20.0,35.0,40.0,15.0,25.0,5.0,10,173,tab,Hidden Patterns,140.0,-139942.6518552907,-129585.35012129799,-160362.55790239963,-140492.82910439657,-116162.965080036,-150204.99666809465,-121912.79211820995,-117154.65883806496,637711
50.0,35.0,55.0,40.0,60.0,5.0,10,173,tab,Hidden Patterns,245.0,-139942.6518552907,-129585.35012129799,-160362.55790239963,-140492.82910439657,-116162.965080036,-150204.99666809465,-121912.79211820995,-117154.65883806496,637711
45.0,40.0,35.0,70.0,20.0,5.0,10,173,comp,Typing,215.0,-56311.87945292677,-46765.53769118033,-75385.57090034125,-56390.425005687284,-31052.340392641527,-59813.89757174731,-41544.83707673462,-28516.448655612916,1228364
25.0,15.0,60.0,80.0,15.0,5.0,10,173,comp,Typing,200.0,-56311.87945292677,-46765.53769118033,-75385.57090034125,-56390.425005687284,-31052.340392641527,-59813.89757174731,-41544.83707673462,-28516.448655612916,1228364
65.0,40.0,90.0,15.0,45.0,15.0,10,173,comp,Typing,270.0,-56311.87945292677,-46765.53769118033,-75385.57090034125,-56390.425005687284,-31052.340392641527,-59813.89757174731,-41544.83707673462,-28516.448655612916,1228364
60.0,15.0,15.0,90.0,35.0,5.0,10,173,comp,Treasure Hunt,220.0,-92396.96729482783,-83946.21633458264,-110609.38067237902,-89729.22807855046,-65354.07395878546,-99873.45775057498,-76693.36684825744,-65868.40670905354,946457
5.0,15.0,5.0,100.0,10.0,5.0,10,173,comp,Treasure Hunt,140.0,-92396.96729482783,-83946.21633458264,-110609.38067237902,-89729.22807855046,-65354.07395878546,-99873.45775057498,-76693.36684825744,-65868.40670905354,946457
80.0,20.0,65.0,40.0,75.0,15.0,10,173,comp,Treasure Hunt,295.0,-92396.96729482783,-83946.21633458264,-110609.38067237902,-89729.22807855046,-65354.07395878546,-99873.45775057498,-76693.36684825744,-65868.40670905354,946457
45.0,35.0,70.0,30.0,65.0,15.0,10,173,comp,Number Comparison,260.0,-68992.06927357963,-58681.145383424366,-86688.11252032171,-61067.24252204207,-46297.92072556019,-74985.55027095608,-53182.4015367081,-42501.30052642897,637942
25.0,30.0,45.0,85.0,25.0,10.0,10,173,comp,Number Comparison,220.0,-68992.06927357963,-58681.145383424366,-86688.11252032171,-61067.24252204207,-46297.92072556019,-74985.55027095608,-53182.4015367081,-42501.30052642897,637942
55.0,65.0,40.0,15.0,55.0,25.0,10,173,comp,Number Comparison,255.0,-68992.06927357963,-58681.145383424366,-86688.11252032171,-61067.24252204207,-46297.92072556019,-74985.55027095608,-53182.4015367081,-42501.30052642897,637942
30.0,20.0,10.0,70.0,35.0,5.0,10,173,comp,Hidden Patterns,170.0,-58579.19350776747,-50002.27077997774,-78264.47380395446,-56590.63590950103,-34428.47644511795,-63192.90986703687,-43935.578319120425,-32026.18436307776,611278
25.0,15.0,10.0,85.0,25.0,5.0,10,173,comp,Hidden Patterns,165.0,-58579.19350776747,-50002.27077997774,-78264.47380395446,-56590.63590950103,-34428.47644511795,-63192.90986703687,-43935.578319120425,-32026.18436307776,611278
60.0,40.0,25.0,65.0,35.0,10.0,10,173,comp,Hidden Patterns,235.0,-58579.19350776747,-50002.27077997774,-78264.47380395446,-56590.63590950103,-34428.47644511795,-63192.90986703687,-43935.578319120425,-32026.18436307776,611278
60.0,35.0,45.0,30.0,45.0,20.0,10,172,tab,Pursuit,235.0,-58086.08779454425,-49133.43681277445,-72821.3090113107,-48053.163591749835,-26779.82900226214,-56996.596641117765,-40212.38253705921,-23084.185874384566,1046797
20.0,15.0,5.0,10.0,35.0,10.0,10,172,tab,Pursuit,95.0,-58086.08779454425,-49133.43681277445,-72821.3090113107,-48053.163591749835,-26779.82900226214,-56996.596641117765,-40212.38253705921,-23084.185874384566,1046797
75.0,60.0,100.0,80.0,65.0,25.0,10,172,tab,Pursuit,405.0,-58086.08779454425,-49133.43681277445,-72821.3090113107,-48053.163591749835,-26779.82900226214,-56996.596641117765,-40212.38253705921,-23084.185874384566,1046797
40.0,30.0,25.0,70.0,25.0,10.0,10,172,tab,Number Comparison,200.0,-56625.21759926421,-49271.64254241025,-69421.222804562,-53414.21205791809,-29311.187190891356,-57433.114028451484,-40834.52317877485,-26058.73941554952,643168
20.0,20.0,10.0,10.0,25.0,5.0,10,172,tab,Number Comparison,90.0,-56625.21759926421,-49271.64254241025,-69421.222804562,-53414.21205791809,-29311.187190891356,-57433.114028451484,-40834.52317877485,-26058.73941554952,643168
55.0,50.0,45.0,85.0,70.0,20.0,10,172,tab,Number Comparison,325.0,-56625.21759926421,-49271.64254241025,-69421.222804562,-53414.21205791809,-29311.187190891356,-57433.114028451484,-40834.52317877485,-26058.73941554952,643168
40.0,25.0,15.0,20.0,30.0,5.0,10,172,tab,Hidden Patterns,135.0,-57669.96492421926,-51518.58197903473,-74383.38836034069,-52117.26422144572,-31076.889798645996,-59907.96699235641,-39995.91001572395,-27918.89345839703,609587
25.0,20.0,10.0,10.0,25.0,5.0,10,172,tab,Hidden Patterns,95.0,-57669.96492421926,-51518.58197903473,-74383.38836034069,-52117.26422144572,-31076.889798645996,-59907.96699235641,-39995.91001572395,-27918.89345839703,609587
50.0,35.0,15.0,25.0,55.0,10.0,10,172,tab,Hidden Patterns,190.0,-57669.96492421926,-51518.58197903473,-74383.38836034069,-52117.26422144572,-31076.889798645996,-59907.96699235641,-39995.91001572395,-27918.89345839703,609587
25.0,5.0,40.0,70.0,15.0,5.0,10,172,comp,Typing,160.0,-23503.638684759717,-15148.81121646929,-33909.92812373389,-5588.842681631808,-3381.349908397303,-22637.457884605014,-9433.757941947897,18383.748220114274,1251505
15.0,5.0,25.0,80.0,10.0,5.0,10,172,comp,Typing,140.0,-23503.638684759717,-15148.81121646929,-33909.92812373389,-5588.842681631808,-3381.349908397303,-22637.457884605014,-9433.757941947897,18383.748220114274,1251505
75.0,5.0,35.0,25.0,45.0,5.0,10,172,comp,Typing,190.0,-23503.638684759717,-15148.81121646929,-33909.92812373389,-5588.842681631808,-3381.349908397303,-22637.457884605014,-9433.757941947897,18383.748220114274,1251505
40.0,25.0,10.0,90.0,35.0,10.0,10,172,comp,Treasure Hunt,210.0,-41973.53211491614,-34188.609096407476,-54686.01950130205,-28913.491842746338,-13411.777936325707,-40296.29185730686,-24181.709373337442,-3787.4813583288997,992294
5.0,5.0,5.0,100.0,5.0,5.0,10,172,comp,Treasure Hunt,125.0,-41973.53211491614,-34188.609096407476,-54686.01950130205,-28913.491842746338,-13411.777936325707,-40296.29185730686,-24181.709373337442,-3787.4813583288997,992294
65.0,50.0,20.0,45.0,70.0,15.0,10,172,comp,Treasure Hunt,265.0,-41973.53211491614,-34188.609096407476,-54686.01950130205,-28913.491842746338,-13411.777936325707,-40296.29185730686,-24181.709373337442,-3787.4813583288997,992294
40.0,15.0,20.0,85.0,15.0,5.0,10,172,comp,Number Comparison,180.0,-31608.49244365623,-22550.59353305287,-42006.77956071693,-16699.42597689834,-8077.036006466515,-29935.867751384718,-14407.604959649196,9155.536785604854,586453
40.0,20.0,75.0,60.0,30.0,5.0,10,172,comp,Number Comparison,230.0,-31608.49244365623,-22550.59353305287,-42006.77956071693,-16699.42597689834,-8077.036006466515,-29935.867751384718,-14407.604959649196,9155.536785604854,586453
55.0,40.0,80.0,20.0,35.0,10.0,10,172,comp,Number Comparison,240.0,-31608.49244365623,-22550.59353305287,-42006.77956071693,-16699.42597689834,-8077.036006466515,-29935.867751384718,-14407.604959649196,9155.536785604854,586453
35.0,5.0,25.0,90.0,30.0,5.0,10,172,comp,Hidden Patterns,190.0,-28198.233639237766,-19282.827327847554,-39559.70164919879,-12132.227358163707,-6497.214008661758,-27117.89955478562,-12281.786050238197,13058.723957557384,638363
30.0,5.0,20.0,80.0,20.0,5.0,10,172,comp,Hidden Patterns,160.0,-28198.233639237766,-19282.827327847554,-39559.70164919879,-12132.227358163707,-6497.214008661758,-27117.89955478562,-12281.786050238197,13058.723957557384,638363
45.0,5.0,30.0,60.0,45.0,10.0,10,172,comp,Hidden Patterns,195.0,-28198.233639237766,-19282.827327847554,-39559.70164919879,-12132.227358163707,-6497.214008661758,-27117.89955478562,-12281.786050238197,13058.723957557384,638363
